{
    "cpo": [
        -0.0,
        0.3331394233091999,
        -2.4454171588797595,
        -2.0224946979237988,
        0.14171067172057322,
        0.7094055284946256,
        -0.1791256810448573,
        1.3619416550867731,
        -0.7076597428125532,
        0.11417145697771933,
        2.293734547274741,
        -1.4670644022413715,
        0.2388545843948204,
        0.10569186846470123,
        -0.4561771223543705,
        0.7121822415283641,
        -1.3795209697780249,
        -0.12547499947164664,
        2.3017855804762277,
        0.9772580818408783,
        1.0824429217576814,
        -2.187491502896716,
        -0.9277654503738869,
        1.136357646496524,
        -0.3279503614146123,
        0.20893990736467488,
        0.7886912114241672,
        -0.3412669633969655,
        -2.201327328149536,
        2.7326731906862185,
        -0.518812029665646,
        0.6849034659095132,
        -0.6292338357307788,
        -2.8615385699707656,
        0.7918894918921295,
        0.6388813349477308,
        -0.8692835916282857,
        -0.9938333491887602,
        -3.0189467411190325,
        -1.3784978061844375,
        -1.877050681975935,
        0.4069985674916668,
        -0.6408495719249361,
        -2.071594253726909,
        -1.7259063610786693,
        0.42622983933144903,
        -1.345568017639514,
        -0.43549924294754855,
        0.0615750921313629,
        0.5019389139445477,
        -1.7511503427243706,
        -2.7735290681682327,
        -1.9584994185891746,
        -0.9047090863700054,
        -1.057894300803271,
        -0.6135103938282511,
        0.42410111858310134,
        1.2461011789182668,
        1.58100496139218,
        -0.13912545278485589,
        -1.5630415771050437,
        -0.2920542433669189,
        -1.3835789830574856,
        0.6742349239798474
    ],
    "sto": [
        -0.0,
        -0.28523391645920254,
        0.1440650053300625,
        -1.248190995761548,
        -0.2054600044345894,
        0.2306875304247321,
        0.17683044015667582,
        1.9438232740145347,
        -0.43062740466385174,
        1.5413219137913334,
        -2.4802804310132207,
        -0.9499756606790216,
        -3.5302550836012725,
        1.1085108429799377,
        -0.8726905802308101,
        -0.16738946572251073,
        0.4334445126529146,
        -0.05742268545468362,
        0.5128780932032863,
        1.1766405915253781,
        -0.0789271834049503,
        -1.8053944985720292,
        0.6239790669585272,
        0.35836835432261005,
        -0.4869398497375366,
        -0.3464748478239491,
        0.6863367257181966,
        -0.24373645758684492,
        -0.2669764468026261,
        -0.06993971066100464,
        -0.5321204360036886,
        -0.33843707131598016,
        1.1605625946145521,
        -0.4271203624183642,
        1.2516026277673022,
        -0.1219238415447161,
        0.9587057272984795,
        0.7769653594707054,
        -1.7828929550411614,
        -0.7557092572378641,
        -1.9632352084988451,
        -0.09022047729122969,
        0.8824128827737194,
        -0.5836754833010636,
        -1.810422416176927,
        1.1212559213503455,
        0.7324674862241918,
        -0.4428963098512558,
        -0.6632641753790769,
        -0.2497190438576614,
        0.08756775501627961,
        -1.9094978381641292,
        -0.020184588875934984,
        -0.5507590090426809,
        -0.37664236655088545,
        0.8077796003953458,
        0.10301255479602145,
        0.17489349236470758,
        -0.8298708738302564,
        -0.4294345787589101,
        -2.196240001973107,
        -0.37814953377998156,
        -0.058046610854393166,
        0.2292313050486255
    ]
}